Country,Region,SDGi,Life Exectancy,HDI,Per Capita GDP,Income Group,Population (millions),Cropland Footprint,Grazing Footprint,Forest Product Footprint,Carbon Footprint,Fish Footprint,Built up land,Total Ecological Footprint (Consumption),Cropland,Grazing land,Forest land,Fishing ground,Built up land,Total biocapacity,Ecological (Deficit) or Reserve,Number of Earths required,Number of Countries required
Afghanistan,Middle East/Central Asia,52.5,62,0.48,,LI,40.8,0.4,0.1,0.1,0.2,0,0,0.8,0.3,0.1,12.981.282,565.167,28.232.273,513.827.024,-287.637.599,530.695.582,1.559.794.611
Albania,Other Europe,71.6,76,0.8,"$14,889 ",UM,2.9,0.8,0.2,0.2,0.7,0,0.1,2.1,0.6,0.2,223.326.157,81.391.904,73.005.587,1.176.752.316,-894.486.045,137.148.542,1.760.131.111
Algeria,Africa,71.5,76,0.75,"$11,137 ",UM,45.4,0.7,0.2,0.1,1.2,0,0,2.2,0.4,0.2,23.911.707,7.179.154,37.775.208,663.374.969,-1.559.593.496,1.471.954.604,3.350.998.407
Angola,Africa,50.9,62,0.59,"$6,304 ",LM,35,0.2,0.1,0.1,0.3,0.1,0.1,0.9,0.2,0.8,416.887.822,153.498.781,61.359.798,1.588.191.242,730.345.635,568.028.656,540.139.993
Antigua and Barbuda,Central America/Caribbean,,78,0.79,"$18,749 ",HI,0.1,,,,,,,2.9,,,,,,917.277.482,-201.945.766,1.944.580.357,3.201.577.712
Argentina,South America,72.8,75,0.84,"$22,117 ",UM,46,0.9,0.5,0.2,1.4,0.1,0.1,3.2,1.8,1.2,591.673.397,1.527.614.549,83.517.167,5.231.663.301,2.011.044.922,213.255.569,615.601.233
Armenia,Middle East/Central Asia,71.1,72,0.76,"$13,548 ",LM,3,0.7,0.2,0.3,1.1,0,0.1,2.3,0.4,0.3,98.199.897,16.852.624,52.181.926,846.624.546,-1.479.770.423,1.540.439.209,2.747.847.295
Australia,Asia-Pacific,75.6,83,0.95,"$53,053 ",HI,26.1,0.1,0.5,0.9,4.3,0.1,0,5.8,1.8,4.5,186.199.177,282.750.336,24.586.629,1.102.140.059,5.244.362.496,3.825.307.442,524.165.513
Austria,EU-27,82.3,81,0.92,"$55,460 ",HI,9.1,1,0.3,1,3.2,0,0.2,5.6,0.6,0.1,1.952.259.799,5.608.961,194.412.585,28.937.746,-2.732.865.942,3.725.720.621,1.944.394.889
Azerbaijan,Middle East/Central Asia,73.5,69,0.75,"$14,692 ",UM,10.3,0.8,0.2,0.1,1.2,0,0,2.4,0.6,0.2,103.819.226,14.091.532,45.343.476,936.954.621,-1.420.134.343,156.076.346,25.156.917
Bahrain,Middle East/Central Asia,64.3,79,0.88,"$49,184 ",HI,1.8,0.5,0.4,0.2,6.8,0.2,0.1,8.2,0,0,850.806,418.958.757,128.777.746,555.726.117,-7.620.475.328,5.413.930.762,1.471.264.566
Bangladesh,Asia-Pacific,64.2,72,0.66,"$5,681 ",LI,167.9,0.2,0,0.1,0.3,0,0.1,0.7,0.1,0,4.829.666,48.880.732,6.535.964,247.818.312,-422.906.592,444.125.333,2.706.518.736
Barbados,Central America/Caribbean,70.3,78,0.79,"$14,910 ",HI,0.3,0.6,0.3,0.2,1.8,0.4,0.1,3.3,0.1,0,18.580.407,4.434.191,122.920.788,259.910.991,-3.054.224.767,2.194.478.898,1.275.104.119
Belarus,Other Europe,76,72,0.81,"$18,574 ",UM,9.4,1.5,0.1,1.1,1.8,0.1,0.1,4.6,1.7,0.2,1.671.707.099,17.935.493,5.422.402,3.702.523.221,-87.572.973,3.031.523.216,1.236.522.414
Belgium,EU-27,79.7,82,0.94,"$52,749 ",HI,11.7,1.4,0.4,0.8,3.6,0.1,0.4,6.7,0.4,0.1,282.650.719,4.200.406,412.599.923,1.161.287.077,-5.528.361.569,4.429.599.104,5.760.546.877
Belize,Central America/Caribbean,65.7,70,0.68,"$6,122 ",UM,0.4,0.2,0.3,0.3,1.7,5.1,0,7.5,0.5,0.2,1.755.450.552,895.603.799,2.146.169,3.303.245.105,-4.227.131.211,4.986.292.995,2.279.690.449
Benin,Africa,51.2,60,0.53,"$3,543 ",LI,12.8,0.4,0,0.2,0.3,0.2,0,1.1,0.4,0,17.587.775,17.100.718,39.339.611,633.463.684,-477.126.427,735.385.253,1.753.202.495
Bermuda,North America,,79,,,HI,0.1,,,,,,,,,,,,,,,,
Bhutan,Asia-Pacific,70.5,72,0.67,"$11,106 ",LM,0.8,0.6,0.3,2.8,0.8,0,0.2,4.7,0.3,0.3,4.036.194.096,11.788.611,180.000.479,4.872.815.927,152.248.438,3.125.757.813,968.755.553
Bolivia,South America,68,64,0.69,"$8,442 ",LM,12,0.3,1.6,0.2,0.6,0,0.1,2.8,0.6,1.9,1.060.588.848,46.119.914,70.951.801,132.359.069,1.046.337.161,1.835.854.245,209.470.746
Bosnia and Herzegovina,Other Europe,71.7,75,0.78,"$14,964 ",UM,3.2,1.1,0.4,0.7,1.8,0.3,0,4.3,0.8,0.3,1.058.867.994,237.759,38.085.376,2.173.852.297,-2.091.693.634,2.824.462.006,1.962.205.959
Botswana,Africa,61.4,61,0.69,"$16,519 ",UM,2.4,0.3,0.3,0.2,1.3,0,0,2.2,0.1,1.9,645.552.946,210.410.777,33.459.921,2.902.419.861,680.635.387,1.471.170.615,765.493.823
Brazil,South America,72.8,73,0.75,"$14,739 ",UM,215.4,0.5,0.6,0.4,0.7,0.1,0.2,2.6,0.8,0.8,6.128.738.473,158.958.909,236.773.366,8.177.126.233,5.625.306.893,1.689.705.582,312.067.989
Brunei Darussalam,Asia-Pacific,67.1,75,0.83,"$64,198 ",HI,0.4,0.4,0.2,0.2,6.8,0.3,0,7.9,0,0,1.402.184.299,1.156.231.674,3.809.923,2.617.611.086,-5.291.012.187,5.236.751.947,3.021.313.332
Bulgaria,EU-27,74.3,72,0.8,"$24,490 ",UM,6.8,0.8,0.2,0.5,1.9,0.1,0.1,3.6,1.5,0.2,1.119.766.166,136.829.639,110.499.365,3.084.292.312,-497.837.046,2.371.932.792,1.161.410.462
Burkina Faso,Africa,54.5,59,0.45,"$2,281 ",LI,22.1,0.3,0.1,0.3,0.1,0,0,0.9,0.3,0.1,203.774.768,1.008.903,22.283.693,694.622.433,-203.164.148,594.475.861,1.292.481.409
Burundi,Africa,54.1,62,0.43,$733,LI,12.6,0.3,0.1,0.2,0,0,0,0.6,0.2,0.1,7.316.808,6.154.334,49.625.412,356.306.547,-2.372.992,393.060.327,1.665.997.306
Cabo Verde,Africa,,74,0.66,"$6,629 ",LM,0.6,,,,,,,1.2,,,,,,437.320.562,-724.858.382,769.545.171,2.657.498.972
Cambodia,Asia-Pacific,63.8,70,0.59,"$4,705 ",LI,17.2,,,,,,,1.3,,,,,,101.194.657,-327.504.084,886.926.912,1.323.637.724
Cameroon,Africa,55.5,60,0.58,"$3,767 ",LM,27.9,0.5,0.1,0.2,0.1,0.1,0.1,1,0.5,0.1,72.635.079,60.928.803,50.792.785,1.426.698.897,382.675.283,691.307.767,731.775.721
Canada,North America,77.7,83,0.94,"$49,516 ",HI,38.4,1.3,0.3,1.1,4.6,0.1,0,7.4,2.7,0.3,8.024.229.903,3.150.398.408,40.869.635,142.410.608,6.820.419.866,4.913.630.919,521.073.608
Central African Republic,Africa,39.3,54,0.4,$944,LI,5,0.4,0.4,0.2,0,0,0,1.1,0.4,0.5,5.526.731.194,0,23.683.815,6.411.713.946,5.294.840.348,739.545.909,174.192.674
Chad,Africa,41.3,53,0.39,"$1,460 ",LI,17.4,0.3,0.8,0.2,0,0,0,1.4,0.3,0.8,238.273.209,5.162.845,23.336.257,1.442.213.862,67.589.937,910.217.147,953.134.595
Chile,South America,77.8,79,0.86,"$24,433 ",UM,19.3,0.6,0.5,1,1.6,0.1,0.1,3.8,0.3,0.4,2.038.244.344,343.150.417,118.355.688,3.231.436.235,-610.397.283,2.543.897.776,1.188.893.495
China,Asia-Pacific,72.4,78,0.77,"$18,299 ",UM,"1,480.60",0.5,0.1,0.2,2.6,0.1,0.1,3.6,0.3,0.1,223.058.918,42.214.858,123.909.995,802.130.192,-2.816.518.632,2.396.114.421,4.511.298.614
Colombia,South America,70.1,73,0.75,"$15,610 ",UM,51.5,0.6,0.7,0.1,0.5,0,0.1,2,0.5,1.1,1.895.293.089,636.728,66.788.107,3.587.634.761,1.610.520.636,1.309.160.379,55.109.125
Comoros,Africa,,63,0.56,"$2,874 ",LI,0.9,,,,,,,2,,,,,,332.177.648,-1.652.631.554,131.425.573,5.975.143.761
Congo,Africa,52.3,64,0.57,"$3,921 ",LM,5.8,0.3,0.1,0.3,0.3,0.1,0.1,1.1,0.2,2.3,5.078.503.786,259.848.564,61.983.349,7.831.302.282,6.712.954.164,740.522.273,142.804.872
"Congo, Democratic Republic of",Africa,50,59,0.48,"$1,127 ",LI,95.2,0.2,0,0.4,0,0,0.1,0.7,0.2,0.2,1.348.660.186,31.009.487,81.315.072,1.846.246.272,1.160.856.503,453.835.779,371.234.206
Costa Rica,Central America/Caribbean,73.8,77,0.81,"$20,976 ",UM,5.2,0.4,0.1,0.6,0.9,0.2,0.3,2.6,0.3,0.3,643.532.322,111.495.566,251.434.428,1.615.101.928,-983.838.933,1.720.907.437,1.609.149.748
Côte d'Ivoire,Africa,,,,,LM,27.7,0.3,0.1,0.2,0.2,0.1,0.1,0.9,0.5,0.4,92.553.167,29.642.487,5.096.482,1.106.372.817,221.608.441,585.853.114,799.698.224
Croatia,Other Europe,78.8,76,0.86,"$31,007 ",HI,4.1,0.8,0.2,0.7,1.8,0.1,0.2,3.7,0.7,0.2,116.326.204,360.782.969,155.072.882,25.716.721,-1.140.193.191,2.457.838.376,1.443.366.474
Cuba,Central America/Caribbean,74.7,74,0.76,,UM,11.3,0.8,0.1,0.1,0.8,0,0.1,1.9,0.5,0.1,23.953.113,168.781.666,67.478.993,1.115.083.757,-801.955.759,1.269.381.543,1.719.188.809
Cyprus,EU-27,74.2,81,0.9,"$41,492 ",HI,1.2,,,,,,,3.2,,,,,,380.453.362,-2.808.880.102,2.111.840.158,8.382.981.417
Czech Republic,EU-27,80.5,77,0.89,"$40,707 ",HI,10.7,1,0.3,0.8,2.8,0,0.1,5.1,1.1,0.1,1.242.041.251,5.852.416,122.170.694,2.522.005.575,-2.561.014.389,3.365.758.334,2.015.467.378
Denmark,EU-27,85.6,81,0.95,"$59,333 ",HI,5.8,1.9,0.4,1,2.9,0.8,0.2,7.3,1.8,0,394.444.494,1.753.241.899,216.036.198,4.216.546.359,-3.069.922.517,4.824.787.924,1.728.065.638
Djibouti,Africa,50.3,62,0.51,"$5,710 ",LM,1,1.6,0.1,0.2,0.2,0.1,0.2,2.5,0,0.2,1.715.099,234.446.828,214.843.062,633.919.885,-1.823.461.613,1.627.172.885,3.876.485.903
Dominica,Central America/Caribbean,,73,0.72,"$12,412 ",UM,0.1,,,,,,,2.7,,,,,,1.004.335.122,-1.682.665.685,1.779.216.966,267.540.261
Dominican Republic,Central America/Caribbean,70.8,73,0.77,"$20,541 ",UM,11.1,0.5,0.1,0.1,0.9,0.1,0.1,1.8,0.3,0.1,157.583.136,22.516.128,111.283.677,681.747.314,-1.121.494.442,1.194.029.536,2.645.029.498
Ecuador,South America,71.5,74,0.74,"$10,847 ",UM,18.1,,,,,,,1.7,,,,,,1.872.750.572,19.446.274,1.111.290.394,896.161.965
Egypt,Africa,68.7,70,0.73,"$12,786 ",LM,106.2,,,,,,,1.5,,,,,,313.084.392,-1.139.943.677,962.133.017,4.641.010.872
El Salvador,Central America/Caribbean,69.6,71,0.68,"$9,062 ",LM,6.6,0.4,0.2,0.4,0.6,0.1,0.1,2,0.2,0.1,87.975.489,112.063.344,133.305.571,605.743.426,-1.346.898.576,1.292.955.986,3.223.546.337
Equatorial Guinea,Africa,,61,0.6,"$16,305 ",HI,1.5,0.2,0,0.5,1,0.1,0,1.8,0.1,0.1,2.025.178.602,449.320.242,26.806.814,2.669.458.685,841.869.482,1.210.151.373,68.462.914
Eritrea,Africa,,67,0.49,"$1,800 ",LI,3.7,0.2,0.3,0.1,0.1,0,0,0.7,0.1,0.3,96.893.948,1.400.901.277,1.767.744,1.949.389.245,1.225.294.595,479.464.495,37.144.693
Estonia,EU-27,80.6,77,0.89,"$38,353 ",HI,1.3,0.9,0.2,4.3,2.6,0,0.1,8.1,1.4,0.1,3.832.438.381,4.301.283.389,134.033.174,9.811.607.127,169.411.469,5.375.056.169,827.335.658
Eswatini,Africa,54.6,57,0.6,"$8,917 ",LM,1.2,0.4,0.4,0.8,0.6,0,0.5,2.9,0.3,0.5,45.744.916,4.912.661,541.117.412,1.386.831.466,-1.512.901.071,1.920.078.816,2.090.904.777
Ethiopia,Africa,58,65,0.5,"$2,918 ",LI,120.8,0.3,0.1,0.4,0.1,0,0,0.8,0.3,0.1,46.856.067,2.296.988,33.687.634,449.047.566,-39.188.073,556.826.737,1.872.693.139
Fiji,Asia-Pacific,72.9,67,0.73,"$11,647 ",UM,0.9,0.8,0.2,0.7,0.9,0.2,0.1,2.8,0.5,0.1,1.346.372.069,622.259.519,14.061.498,2.744.014.775,-69.008.375,186.266.357,1.025.148.689
Finland,EU-27,86.5,82,0.94,"$49,686 ",HI,5.6,0.9,0.2,0.9,3,0.1,0.1,5.4,0.8,0.1,8.390.159.207,2.307.201.274,126.549.669,1.175.105.354,6.387.773.814,3.551.334.354,456.408.415
France,EU-27,81.2,82,0.9,"$47,995 ",HI,65.6,1,0.3,0.5,2.2,0.2,0.2,4.3,1,0.2,973.828.654,111.034.045,150.927.203,2.458.371.838,-1.854.753.308,2.855.966.926,1.754.464.105
French Guiana,South America,,,,,,0.3,,,,,,,1.5,,,,,,8.564.610.998,8.409.905.689,1.024.392.362,1.806.332
French Polynesia,Asia-Pacific,,79,,,HI,0.3,,,,,,,3.7,,,,,,1.127.148.909,-259.044.909,246.163.433,3.298.231.466
Gabon,Africa,62.8,66,0.71,"$15,287 ",UM,2.3,0.5,0.1,0.7,0.4,0.3,0,2.1,0.3,0.9,1.360.587.343,202.884.706,47.333.569,1.693.358.961,1.486.912.834,1.366.997.922,121.915.159
Gambia,Africa,60.2,62,0.5,"$2,266 ",LI,2.6,0.5,0,0.1,0.1,0.1,0,0.9,0.1,0,67.683.378,2.140.504,8.195.625,453.522.263,-400.349.892,565.397.606,1.882.756.866
Georgia,Middle East/Central Asia,73.4,72,0.8,"$15,926 ",LM,4,0.4,0.2,0.2,1.4,0.4,0.1,2.7,0.2,0.4,684.855.551,53.067.582,59.808.108,1.381.262.506,-1.274.215.722,1.758.344.063,1.922.500.767
Germany,EU-27,82.2,81,0.94,"$54,192 ",HI,83.9,0.9,0.2,0.5,2.7,0.1,0.2,4.5,0.6,0.1,69.945.463,74.531.266,178.085.032,1.614.535.735,-288.414.354,2.978.832.931,2.786.360.919
Ghana,Africa,63.4,64,0.63,"$5,785 ",LM,32.4,0.4,0.1,0.6,0.3,0.2,0.1,1.8,0.4,0.2,184.274.182,46.136.535,115.712.303,923.303.742,-831.974.234,1.162.269.972,1.901.084.005
Greece,EU-27,76.8,80,0.89,"$30,488 ",HI,10.3,1,0.4,0.3,1.9,0.1,0.1,3.8,1,0.1,232.627.086,193.254.918,70.193.199,1.604.464.539,-2.175.733.806,2.503.085.601,2.356.049.792
Grenada,Central America/Caribbean,,75,0.8,"$15,668 ",UM,0.1,,,,,,,1.8,,,,,,1.579.307.577,-197.695.336,1.176.655.297,1.125.178.489
Guadeloupe,Central America/Caribbean,,,,,,0.4,,,,,,,3.4,,,,,,550.723.844,-2.869.245.141,2.264.557.132,6.209.952.634
Guatemala,Central America/Caribbean,61,69,0.63,"$8,489 ",LM,18.6,0.4,0.2,0.6,0.5,0.1,0.2,1.9,0.3,0.1,273.859.873,39.997.543,223.395.459,963.671.112,-930.130.593,1.253.994.459,1.965.195.056
Guinea,Africa,51.3,59,0.47,"$2,595 ",LI,13.9,0.4,0.5,0.4,0.1,0.1,0.1,1.5,0.3,0.6,496.427.206,255.151.168,53.672.517,1.718.858.332,192.929.679,1.010.404.665,88.775.708
Guinea-Bissau,Africa,,60,0.48,"$2,384 ",LI,2.1,0.4,0.1,0.6,0.1,0.1,0,1.2,0.5,0.1,260.773.538,1.434.115.082,2.710.898,2.243.595.147,1.036.350.302,799.385.882,538.084.978
Guyana,South America,63.9,66,0.71,"$32,768 ",LM,0.8,,,,,,,3.3,,,,,,7.050.741.296,6.719.211.874,2.195.245.984,47.020.506
Haiti,Central America/Caribbean,51.9,63,0.54,"$2,731 ",LI,11.7,0.3,0,0.1,0.1,0,0,0.6,0.1,0,25.123.594,1.068.696,26.237.388,235.699.613,-355.312.615,39.134.301,250.748.069
Honduras,Central America/Caribbean,63.1,70,0.62,"$5,773 ",LM,10.2,,,,,,,1.3,,,,,,1.651.119.574,304.040.667,891.978.015,815.857.875
Hungary,EU-27,79,74,0.85,"$35,069 ",HI,9.6,1.1,0.1,0.4,2.1,0,0.1,3.8,1.7,0.1,661.675.174,6.552.052,121.567.415,2.570.671.975,-1.217.913.853,2.508.639.433,1.473.772.564
India,Asia-Pacific,60.3,67,0.63,"$7,159 ",LM,"1,406.60",0.2,0,0.1,0.6,0,0.1,1,0.2,0,19.611.683,26.040.105,50.541.898,342.227.652,-695.400.353,687.072.868,3.031.981.781
Indonesia,Asia-Pacific,69.2,68,0.71,"$12,449 ",LM,279.1,0.5,0,0.1,0.7,0.2,0.1,1.7,0.5,0.1,260.264.262,338.990.503,83.199.367,1.227.370.667,-451.258.577,1.111.516.462,1.367.662.833
"Iran, Islamic Republic of",Middle East/Central Asia,68.6,74,0.77,"$15,702 ",UM,86,0.5,0.1,0,2.4,0.1,0.1,3.2,0.4,0.1,53.259.352,169.577.822,7.197.257,751.314.683,-2.497.334.817,2.151.116.699,4.323.953.163
Iraq,Middle East/Central Asia,62.3,70,0.69,"$10,399 ",LM,42.2,0.5,0,0,1.1,0,0,1.7,0.2,0,34.153.036,1.787.591,33.445.512,314.221.898,-1.412.524.298,1.143.377.449,5.495.308.279
Ireland,EU-27,80.7,82,0.95,"$106,717 ",HI,5,0.9,0.3,0.6,2.5,0.1,0.1,4.5,0.4,0.7,468.889.103,1.379.291.445,103.161.886,3.109.222.875,-1.396.207.197,298.330.302,144.905.343
Israel,Middle East/Central Asia,73.5,83,0.92,"$43,000 ",HI,8.9,0.8,0.3,0.3,2.6,0.1,0.1,4.2,0.1,0,23.786.869,13.742.928,59.185.502,242.110.623,-3.918.772.643,2.755.158.868,1.718.587.651
Italy,EU-27,78.3,83,0.9,"$43,010 ",HI,60.3,0.8,0.3,0.5,2,0.2,0.1,4,0.4,0.1,340.885.413,65.779.728,91.234.352,971.138.877,-2.980.056.989,2.616.312.844,4.068.620.831
Jamaica,Central America/Caribbean,69,71,0.71,"$10,109 ",UM,3,0.5,0.1,0.2,0.8,0.2,0.1,1.7,0.2,0,174.209.502,112.810.554,69.636.626,554.318.453,-1.186.022.004,1.152.378.987,3.139.604.046
Japan,Asia-Pacific,79.6,84,0.93,"$41,809 ",HI,125.6,0.4,0.1,0.2,2.9,0.3,0.1,4,0.1,0,348.004.225,103.747.578,77.815.615,630.109.766,-3.414.165.762,2.677.946.213,6.418.366.678
Jordan,Middle East/Central Asia,69.4,74,0.72,"$10,159 ",UM,10.3,0.4,0.1,0.1,0.6,0,0.1,1.3,0.1,0,15.913.501,1.769.296,104.159.286,214.335.249,-1.089.517.919,86.335.578,6.083.241.904
Kazakhstan,Middle East/Central Asia,71.1,70,0.81,"$26,125 ",UM,19.2,0.6,0.3,0.1,3.3,0,0,4.3,1.9,1.6,20.376.223,4.793.581,25.323.045,382.386.996,-470.322.658,2.843.430.617,112.299.651
Kenya,Africa,61,61,0.58,"$5,192 ",LI,56.2,0.3,0.2,0.2,0.2,0,0,0.9,0.2,0.2,11.073.712,15.018.315,45.167.026,462.795.906,-418.506.561,583.560.785,1.904.300.483
"Korea, Democratic People's Republic of",Asia-Pacific,,73,,,LI,26,0.2,0,0.1,0.8,0,0,1.2,0.2,0,217.929.758,90.722.533,46.666.807,533.428.165,-66.476.965,793.395.326,2.246.221.504
"Korea, Republic of",Asia-Pacific,77.9,84,0.93,"$45,438 ",HI,51.3,0.7,0.2,0.2,4.2,0.5,0.1,5.8,0.1,0,87.249.585,383.578.197,7.026.965,64.688.681,-5.174.542.893,3.854.701.669,8.999.147.325
Kuwait,Middle East/Central Asia,64.5,79,0.83,"$43,613 ",HI,4.4,0.7,0.4,0.1,6.4,0.5,0.5,8.6,0,0,2.696.897,285.763.528,48.770.005,807.349.671,-7.743.805.155,5.662.208.848,1.059.163.722
Kyrgyzstan,Middle East/Central Asia,73.7,72,0.69,"$4,764 ",LI,6.7,0.5,0.2,0,0.6,0,0.1,1.5,0.5,0.5,98.421.885,4.534.529,73.230.364,125.343.204,-256.931.902,1.000.098.378,1.204.982.714
Lao People's Democratic Republic,Asia-Pacific,63.4,68,0.61,"$7,866 ",LM,7.5,0.7,0.2,0.3,0.5,0,0.2,1.9,0.7,0.1,609.881.989,29.401.418,195.268.964,1.641.909.183,-217.734.454,1.231.376.448,1.132.610.534
Latvia,EU-27,80.3,73,0.86,"$31,973 ",HI,1.8,1.8,0.2,4,1.5,0.2,0.1,7.7,2.8,0.2,4.551.672.552,2.196.984.142,102.247.668,9.930.483.467,2.205.903.606,5.114.886.273,777.865.437
Lebanon,Middle East/Central Asia,66.3,75,0.71,,UM,6.7,0.6,0.3,0.1,1.9,0.1,0.1,3.1,0.1,0,4.789.176,6.245.492,86.278.583,318.992.262,-2.826.603.856,2.082.879.159,9.861.042.076
Lesotho,Africa,55.1,53,0.51,"$2,599 ",LM,2.2,,,,,,,1.2,,,,,,723.708.258,-427.347.297,762.179.739,1.590.496.643
Liberia,Africa,49.9,61,0.48,"$1,524 ",LI,5.3,0.2,0,0.7,0.1,0.1,0,1.2,0.1,0.3,1.991.241.595,256.777.493,39.727.176,2.731.745.972,1.489.184.417,822.771.096,454.859.847
Lithuania,EU-27,75.4,74,0.88,"$39,810 ",UM,2.7,1.8,0.3,1.3,2.6,0.2,0.2,6.4,2.8,0.3,2.283.057.719,349.368.846,163.432.462,5.967.089.276,-461.161.462,4.256.512.594,1.077.284.157
Luxembourg,EU-27,75.7,83,0.93,"$120,505 ",HI,0.6,0.9,0.5,1.4,8,0.1,0.1,11,0.4,0.1,657.103.758,885.374,67.119.396,1.228.958.605,-973.044.912,7.256.850.877,8.917.637.809
Madagascar,Africa,50.1,64,0.5,"$1,523 ",LI,29.2,0.2,0.2,0.2,0.1,0,0.1,0.8,0.2,1,580.164.786,162.087.995,63.442.166,1.978.753.711,1.184.725.168,525.771.727,401.277.096
Malawi,Africa,53.3,63,0.51,"$1,373 ",LI,20.2,0.4,0.1,0.2,0,0,0.1,0.7,0.4,0.1,12.361.597,43.757.689,88.266.461,576.487.738,-147.794.125,47.958.846,1.256.369.937
Malaysia,Asia-Pacific,70.4,75,0.8,"$28,180 ",UM,33.2,0.7,0.1,0.4,2.4,0.5,0.1,4.2,0.7,0,530.150.447,732.839.346,128.678.809,2.062.303.764,-218.007.516,2.809.121.806,2.057.106.716
Mali,Africa,54.1,59,0.43,"$2,206 ",LI,21.5,0.3,0.4,0.1,0.1,0,0.1,1,0.4,0.5,433.902.546,32.660.782,52.643.001,1.368.689.788,367.915.862,662.669.674,731.191.198
Malta,EU-27,76.8,83,0.92,"$46,806 ",HI,0.4,,,,,,,3.7,,,,,,467.363.732,-3.254.616.382,246.453.598,7.963.776.091
Martinique,Central America/Caribbean,,,,,,0.4,,,,,,,3.5,,,,,,510.104.348,-2.992.698.262,2.319.406.014,6.866.835.435
Mauritania,Africa,55.8,64,0.56,"$5,927 ",LM,4.9,0.4,1.3,0.2,0.4,0,0,2.3,0.1,2.4,49.552.859,1.116.999.731,29.604.019,3.653.577.326,1.397.169.821,1.494.096.505,617.588.545
Mauritius,Africa,68.4,74,0.8,"$21,450 ",UM,1.3,,,,,,,2.6,,,,,,675.477.406,-1.928.109.761,1.723.984.022,3.854.440.052
Mexico,North America,70.2,70,0.76,"$19,028 ",UM,131.6,0.5,0.2,0.3,1.1,0.1,0.1,2.3,0.3,0.2,427.634.638,132.918.606,82.561.173,1.202.798.995,-1.082.430.614,1.513.181.269,1.899.926.437
Mongolia,Asia-Pacific,63.5,71,0.74,"$11,435 ",LM,3.4,0.6,4.7,0.1,2.2,0,0,7.7,0.4,6.8,6.197.277.782,74.457.563,15.806.037,1.351.424.822,580.652.981,510.372.134,570.340.154
Montenegro,Other Europe,68.8,74,0.83,"$21,308 ",UM,0.6,0.5,0.4,1.1,1.3,0.1,0.3,3.7,0,0.3,1.925.736.937,248.617.634,27.905.659,2.828.793.864,-821.806.374,241.727.128,1.290.514.761
Morocco,Africa,69,74,0.68,"$7,744 ",LM,37.8,0.5,0.2,0.1,0.6,0.1,0,1.5,0.2,0.2,84.511.722,65.308.994,31.137.202,565.398.289,-979.869.888,102.321.047,2.733.061.291
Mozambique,Africa,53.6,59,0.45,"$1,232 ",LI,33.1,0.2,0.1,0.2,0.2,0,0,0.8,0.2,0.6,433.448.963,12.872.671,47.797.027,1.385.576.072,614.345.946,510.675.591,55.661.334
Myanmar,Asia-Pacific,64.3,66,0.59,"$4,090 ",LI,55.2,0.4,0,0.3,0.2,0,0.1,1.1,0.5,0,499.646.595,281.436.417,57.071.596,1.362.234.437,248.014.203,737.788.965,817.935.741
Namibia,Africa,62.7,59,0.62,"$8,949 ",UM,2.6,0.3,0.8,0.3,0.9,0,0,2.4,0.1,1.4,289.487.076,4.240.215.963,18.877.714,6.122.942.025,3.737.652.781,1.579.436.478,389.565.871
Nepal,Asia-Pacific,66.2,68,0.6,"$3,921 ",LI,30.2,0.3,0.1,0.2,0.3,0,0.1,0.9,0.2,0,86.229.445,4.625.979,100.555.424,390.028.925,-51.042.717,596.243.498,2.308.690.555
Netherlands,EU-27,79.9,81,0.94,"$58,732 ",HI,17.2,,,,,,,6,,,,,,1.113.508.517,-4.908.468.884,3.987.495.773,5.408.110.768
New Zealand,Asia-Pacific,78.3,82,0.94,"$43,178 ",HI,4.9,,,,,,,5.4,,,,,,8.447.231.686,3.021.001.811,3.593.017.251,642.367.828
Nicaragua,Central America/Caribbean,67.1,74,0.67,"$6,056 ",LM,6.8,0.5,0.2,0.4,0.4,0,0.1,1.5,0.6,0.5,696.956.617,426.086.185,9.010.544,2.310.417.773,816.845.391,988.979.727,646.451.218
Niger,Africa,52.2,62,0.4,"$1,229 ",LI,26.1,0.7,0.3,0.2,0.1,0,0,1.4,0.7,0.3,30.725.086,422.347,13.122.162,1.074.301.895,-276.005.627,894.115.866,1.256.916.262
Nigeria,Africa,54.2,53,0.54,"$5,013 ",LM,216.7,0.3,0.1,0.2,0.2,0,0,0.8,0.3,0.1,33.039.166,1.450.929,47.224.406,446.354.238,-354.981.077,530.609.959,1.795.290.033
Norway,Other Europe,82.3,83,0.96,"$66,643 ",HI,5.5,0.9,0.1,0.8,2.6,0.9,0.1,5.4,0.2,0.1,3.439.090.343,2.879.183.276,1.350.639,6.747.554.557,1.348.820.882,3.574.810.445,800.102.264
Oman,Middle East/Central Asia,69.2,73,0.82,"$30,222 ",HI,5.3,0.7,0.3,0.1,4.9,0.8,0.5,7.3,0.1,0,1.006.289,1.181.415.343,51.744.752,1.801.254.966,-5.480.212.207,482.147.601,4.042.441.137
Pakistan,Asia-Pacific,59.3,66,0.54,"$5,542 ",LM,229.5,0.3,0,0.1,0.3,0,0,0.7,0.3,0,16.762.376,27.482.753,44.070.495,361.549.059,-368.417.693,48.335.275,2.018.997.791
Panama,Central America/Caribbean,64,76,0.81,"$30,907 ",UM,4.4,0.6,0.4,0.2,0.8,0.4,0.1,2.3,0.3,0.4,1.323.250.976,528.577.331,81.230.734,2.627.580.918,307.799.378,153.606.008,882.858.269
Papua New Guinea,Asia-Pacific,53.6,65,0.56,"$3,682 ",LM,9.3,0.2,0,0.3,0.2,0.2,0.2,1.2,0.2,0,1.954.178.013,519.162.506,169.813.039,2.900.181.196,1.745.338.463,764.687.446,398.196.752
Paraguay,South America,67.4,70,0.72,"$12,359 ",LM,7.3,0.7,0.8,0.9,0.7,0,0.1,3.2,1.9,2.3,5.336.883.702,51.431.432,109.623.515,9.647.940.739,6.497.611.479,2.086.013.243,32.652.867
Peru,South America,71.9,72,0.76,"$12,878 ",UM,33.7,0.6,0.5,0.1,0.5,0.4,0.1,2.2,0.5,0.5,2.351.926.112,180.927.444,94.338.937,3.546.836.383,13.089.486,1.481.833.538,630.953.205
Philippines,Asia-Pacific,66.6,69,0.7,"$8,768 ",LM,112.5,0.3,0,0.1,0.5,0.2,0.1,1.2,0.2,0,71.795.096,57.197.699,67.062.712,402.745.802,-77.663.592,780.936.114,2.928.352.614
Poland,EU-27,80.5,76,0.88,"$35,703 ",HI,37.7,1,0,0.8,2.6,0.1,0.1,4.6,1,0.1,684.798.759,105.937.226,123.989.819,2.016.241.672,-2.632.431.214,3.078.152.283,2.305.612.938
Portugal,EU-27,79.2,81,0.87,"$34,950 ",HI,10.1,0.8,0.4,0.4,1.6,0.4,0.1,3.7,0.3,0.2,835.073.402,75.106.238,62.307.541,1.478.047.303,-2.241.348.574,2.462.824.809,2.516.425.468
Qatar,Middle East/Central Asia,66.8,79,0.86,"$96,605 ",HI,3,0.7,0.3,0.2,11.6,0.2,0.1,13.1,0,0,0,902.741.632,116.206.201,103.899.563,-1.208.733.856,8.691.696.866,1.263.367.603
Republic of Moldova,Other Europe,73.9,69,0.77,"$14,320 ",LM,4,,,,,,,1.5,,,,,,1.009.467.663,-512.739.072,100.794.017,150.793.016
Republic of North Macedonia,Other Europe,72.3,75,0.77,"$16,896 ",UM,2.1,0.7,0.3,0.3,1.5,0,0,2.8,0.5,0.3,698.503.606,8.635.438,4.398.368,155.133.585,-1.262.256.192,1.863.040.266,1.813.657.592
Réunion,Africa,,,,,,0.9,,,,,,,3.5,,,,,,123.645.377,-3.367.670.784,2.311.800.179,2.823.652.807
Romania,EU-27,77.7,73,0.82,"$31,367 ",UM,19,0.6,0.1,0.5,1.4,0,0.1,2.7,0.9,0.2,1.078.524.771,101.551.682,103.657.575,2.450.628.155,-287.037.123,1.812.764.811,1.117.127.979
Russian Federation,Other Europe,74.1,69,0.82,"$25,706 ",UM,145.8,1.2,0.1,0.7,3.6,0.2,0,5.8,1.9,0.3,4.210.828.797,1.187.785.838,26.224.688,7.712.083.888,1.910.912.299,3.841.287.612,752.218.424
Rwanda,Africa,59.4,66,0.53,"$2,405 ",LI,13.6,0.2,0,0.2,0.1,0,0,0.6,0.2,0,673.208,447.253,38.914.646,243.488.781,-31.054.098,366.854.802,2.275.381.063
Saint Lucia,Central America/Caribbean,,71,0.72,"$14,140 ",UM,0.2,0.5,0.1,0.1,0.9,0.2,0,1.7,0.1,0,95.920.288,144.040.383,2.131.223,376.356.935,-1.335.471.567,113.349.959,4.548.417.589
Saint Vincent and Grenadines,Central America/Caribbean,,70,0.75,"$13,280 ",UM,0.1,,,,,,,1.8,,,,,,1.155.476.716,-659.357.094,1.201.705.298,1.570.636.417
Samoa,Asia-Pacific,0,73,0.71,"$5,084 ",LM,0.2,,,,,,,2.5,,,,,,1.662.282.108,-82.147.034,1.644.634.599,1.494.182.267
Sao Tome and Principe,Africa,59.4,68,0.62,"$4,010 ",LM,0.2,,,,,,,1.1,,,,,,700.090.513,-351.779.258,696.503.156,1.502.476.825
Saudi Arabia,Middle East/Central Asia,66.6,77,0.88,"$47,423 ",HI,35.8,0.8,0.2,0.2,4.5,0.1,0,5.7,0.4,0.1,49.429.421,140.564.155,43.026.058,697.532.479,-5.047.947.389,3.804.410.937,823.686.358
Senegal,Africa,58.7,67,0.51,"$3,505 ",LM,17.7,0.5,0.2,0.2,0.2,0.1,0,1.2,0.3,0.1,345.240.162,137.812.508,44.698.919,1.000.162.642,-219.361.335,807.516.598,1.219.325.663
Serbia,Other Europe,75.9,73,0.8,"$20,474 ",UM,8.7,1,0.1,0.6,2,0,0.1,3.8,1.3,0,550.451.908,4.598.381,111.434.224,2.054.991.936,-1.775.586.759,2.536.445.314,1.864.035.877
Sierra Leone,Africa,53,60,0.48,"$1,677 ",LI,8.3,0.5,0.1,0.3,0.1,0.1,0,1,0.4,0.2,114.758.269,157.742.667,33.035.202,921.573.084,-124.702.882,692.799.178,1.135.315.239
Singapore,Asia-Pacific,71.7,83,0.94,"$112,699 ",HI,5.9,0.6,0.3,0,4.4,0.4,0.1,5.7,0,0,2.074.859,12.136.597,89.583.924,104.126.803,-5.633.904.237,3.799.478.642,5.510.618.678
Slovakia,EU-27,78.7,75,0.85,"$33,079 ",HI,5.5,0.8,0.2,0.6,2.4,0,0.1,4.2,0.9,0.1,1.526.890.059,6.210.991,117.204.922,2.665.671.799,-1.493.307.176,2.753.897.928,1.560.199.187
Slovenia,EU-27,,81,0.92,"$41,570 ",HI,2.1,0.7,0.2,1.3,2.4,0.1,0.1,4.8,0.4,0.2,185.220.056,5.133.365,78.533.372,2.485.838.691,-2.296.160.244,3.166.435.088,1.923.696.397
Solomon Islands,Asia-Pacific,0,70,0.56,"$2,043 ",LI,0.7,,,,,,,1.7,,,,,,3.324.442.199,165.949.821,1.102.454.672,500.819.052
Somalia,Africa,45.6,55,,"$1,132 ",LI,16.8,0.2,0.3,0.4,0,0,0,0.9,0.1,0.3,116.078.143,196.020.781,17.672.179,712.411.364,-17.897.815,590.239.996,1.251.228.657
South Africa,Africa,63.7,62,0.71,"$13,157 ",UM,60.8,0.6,0.1,0.2,2.2,0.1,0.1,3.2,0.5,0.5,31.594.415,150.192.177,50.031.339,1.275.586.245,-1.937.300.307,2.127.436.006,2.518.752.898
South Sudan,Africa,39,55,0.39,$794,LM,11.6,0.3,1.1,0.2,0.1,0,0,1.7,0.3,1.1,363.152.422,6.688.914,23.624.027,1.782.236.013,11.319.203,1.105.169.512,936.488.754
Spain,EU-27,79.9,83,0.91,"$39,753 ",HI,46.7,1.2,0.2,0.2,1.8,0.5,0.1,3.9,1.1,0.1,411.346.213,60.670.944,57.379.487,172.215.542,-2.193.410.924,2.592.720.499,2.273.642.842
Sudan,Africa,49.6,65,0.51,"$3,804 ",LM,46,0.3,0.5,0.1,0.2,0,0,1.1,0.4,0.5,218.923.148,18.979.283,19.533.009,1.131.661.469,-10.194.273,756.088.016,1.009.008.236
Suriname,South America,71.6,70,0.73,"$14,818 ",UM,0.6,0.3,0,0.9,1.7,0.1,0.1,3.1,0.3,0,6.794.996.108,6.479.268.601,103.943.459,7.483.845.211,7.169.935.685,2.078.574.567,41.944.952
Sweden,EU-27,85.2,83,0.95,"$53,897 ",HI,10.2,1,0.3,1.3,2.1,0.1,0.2,4.9,0.7,0.1,5.523.063.853,2.011.729.656,186.263.431,851.950.749,3.581.579.343,3.269.684.741,579.602.536
Switzerland,Other Europe,80.8,84,0.96,,HI,8.8,0.6,0.2,0.3,2.4,0,0.2,3.7,0.2,0.1,649.536.393,7.490.124,172.590.045,1.126.134.218,-2.609.829.847,2.473.795.553,3.317.512.252
Syrian Arab Republic,Middle East/Central Asia,57.4,72,0.58,,LM,19.4,0.4,0.1,0,0.5,0,0,1,0.4,0.1,43.465.752,3.758.641,2.230.716,599.874.724,-397.388.392,660.344.966,1.662.452.302
Tajikistan,Middle East/Central Asia,69.7,72,0.69,"$3,966 ",LI,10,0.3,0.1,0.2,0.3,0,0.1,1.1,0.2,0.1,5.301.274,9.601.452,104.688.276,447.701.438,-613.270.415,702.530.165,2.369.820.071
"Tanzania, United Republic of",Africa,57.4,66,0.55,"$2,876 ",LI,63.3,0.3,0.2,0.2,0.1,0.1,0,0.9,0.3,0.2,116.900.753,44.997.696,44.710.962,79.975.609,-126.549.295,613.359.792,1.158.234.863
Thailand,Asia-Pacific,,79,0.8,"$18,036 ",UM,70.1,0.5,0,0.2,1.4,0.2,0.1,2.3,0.6,0,218.597.139,183.869.718,9.013.437,1.143.619.577,-1.201.624.761,1.552.920.455,2.050.720.698
Timor-Leste,Asia-Pacific,0,68,0.61,"$2,860 ",LM,1.4,0.3,0.1,0,0.1,0.1,0,0.6,0.2,0.1,541.295.654,794.154.161,21.591.527,159.116.224,1.024.141.801,375.456.674,356.356.143
Togo,Africa,,62,0.54,"$2,226 ",LI,8.7,0.3,0.1,0.2,0.2,0.1,0,0.9,0.3,0.1,101.009.487,16.329.918,19.096.604,553.858.253,-339.253.802,591.380.589,1.612.528.207
Tonga,Asia-Pacific,0,71,0.75,"$5,810 ",LM,0.1,,,,,,,3.1,,,,,,1.256.949.734,-1.833.476.113,2.046.347.766,245.867.099
Trinidad and Tobago,Central America/Caribbean,60.4,73,0.81,"$25,596 ",HI,1.4,0.4,0.2,0.2,4.5,0.1,0,5.4,0,0,124.025.214,1.208.082.975,993.573,137.945.418,-401.364.274,3.571.078.026,3.909.587.573
Tunisia,Africa,70.7,74,0.73,"$10,535 ",UM,12,0.1,0.1,0.2,0.9,0.1,0,1.4,0.4,0.1,31.424.658,210.163.693,25.266.878,716.018.316,-645.334.105,901.429.325,1.901.281.561
Turkiye,Middle East/Central Asia,70.4,76,0.84,"$32,109 ",UM,85.6,0.9,0.1,0.3,1.9,0,0,3.4,0.8,0.1,532.112.634,39.326.179,42.962.586,1.478.215.807,-191.661.569,2.247.912.163,2.296.573.668
Turkmenistan,Middle East/Central Asia,66.1,69,0.75,"$16,151 ",LM,6.2,0.4,0.5,0,2.9,0,0,3.9,0.4,1.6,11.837.418,104.249.496,463.727,2.152.708.107,-1.708.096.742,2.556.459.779,1.793.464.165
Uganda,Africa,54.9,63,0.53,,LI,48.4,0.3,0.1,0.4,0.1,0.1,0,1,0.3,0.1,8.342.447,32.039.474,33.057.533,478.872.706,-499.087.529,647.563.423,2.042.213.355
Ukraine,Other Europe,75.7,70,0.77,,LM,43.2,,,,,,,2,,,,,,30.867.497,1.073.227.971,1.333.267.937,652.311.306
United Arab Emirates,Middle East/Central Asia,68.8,79,0.91,"$67,026 ",HI,10.1,0.8,0.6,0.6,6.5,0.3,0,8.7,0,0,61.907.523,450.007.816,0,543.236.143,-817.159.126,5.770.585.826,1.604.242.927
United Kingdom,Other Europe,80.6,81,0.93,"$47,366 ",HI,68.5,0.7,0.2,0.4,2.1,0.1,0.1,3.6,0.4,0.1,150.714.141,286.077.624,97.711.509,1.020.497.152,-2.544.799.528,2.360.786.914,3.493.686.065
United States of America,North America,74.6,76,0.92,"$65,118 ",HI,334.8,1.3,0.3,0.8,4.8,0.1,0.1,7.5,1.7,0.2,1.433.903.996,313.289.262,51.251.989,3.720.832,-3.739.800.091,4.940.111.353,2.005.097.809
Uruguay,South America,,75,0.81,"$22,837 ",UM,3.5,0.3,0.6,0.4,0.7,0,0.1,2.2,1.1,4.9,1.329.715.171,2.190.588.968,82.052.832,9.557.758.836,7.395.636.352,1.431.664.998,226.216.472
Uzbekistan,Middle East/Central Asia,69.9,71,0.73,,LM,34.4,0.5,0.2,0.1,1.2,0,0.1,2.1,0.4,0.2,53.231.593,8.917.271,65.883.123,730.073.847,-1.377.057.783,1.395.252.408,2.886.189.717
Vanuatu,Asia-Pacific,0,70,0.61,"$2,442 ",LM,0.3,,,,,,,1.8,,,,,,18.364.544,6.197.676,1.211.917.691,996.625.195
"Venezuela, Bolivarian Republic of",South America,60.3,71,0.69,,UM,29.3,0.3,0.6,0.1,0.9,0.1,0,2.1,0.2,0.6,1.805.860.893,259.061.964,43.885.182,2.945.991.731,836.455.041,1.396.844.936,716.070.133
Viet Nam,Asia-Pacific,72.8,74,0.7,"$11,032 ",LM,99,0.5,0,0.4,1.3,0.1,0.1,2.4,0.4,0,155.676.974,149.952.414,78.597.105,79.507.003,-1.637.204.158,1.610.547.898,3.059.194.909
Yemen,Middle East/Central Asia,52.1,64,0.46,"$1,780 ",LM,31.2,0.3,0.1,0,0.2,0.1,0,0.6,0.1,0.1,30.011.215,146.865.083,1.953.004,347.502.131,-265.756.229,406.073.446,1.764.761.437
Zambia,Africa,,,,,LM,19.5,0.3,0.1,0.5,0.2,0,0.1,1.2,0.3,0.7,62.078.114,16.994.124,63.169.875,1.651.919.903,438.704.985,803.339.009,734.427.206
Zimbabwe,Africa,,,,,LI,15.3,0.3,0.3,0.3,0.3,0,0,1.1,0.2,0.3,118.372.555,8.839.451,26.970.101,631.495.216,-453.895.888,718.699.548,1.718.763.779